category,section,key,ui_label,visibility,value_type,risk,apply_class,default_class,reset_policy,help_level,dependency_count,validator_ids,description_source,current_description,validation_text,dependency_text
Betriebsart & manuelle Steuerung,Betriebsart,MANUAL_MODE,Manueller Betriebsmodus,standard,enum,Hoch,live_next_cycle,safe_sentinel,default,RICH,6,VAL-002|VAL-003,CONFIG_SCHEMA.description,"Automatik überlässt die Leistung der normalen Netz-/PV-Regelung. Stop/Hold setzt Lade- und Entladeleistung auf 0 W und hält diesen Zustand, bis hier wieder ein anderer Modus gespeichert wird. Feste Entladung oder Beladung übersteuern die Automatik bis zum eingestellten Ziel-SOC.",AUTO | STOP_HOLD | FIXED_DISCHARGE | FIXED_CHARGE; feste Modi nur bei frischem SOC und plausiblen Zielparametern aktivierbar,MANUAL_FIXED_DISCHARGE_POWER_W; MANUAL_FIXED_DISCHARGE_TARGET_SOC; MANUAL_DISCHARGE_AFTER_TARGET; MANUAL_FIXED_CHARGE_POWER_W; MANUAL_FIXED_CHARGE_TARGET_SOC; MANUAL_CHARGE_AFTER_TARGET
Betriebsart & manuelle Steuerung,Profil Feste Entladung,MANUAL_DISCHARGE_AFTER_TARGET,Nach Entlade-Ziel,standard,enum,Hoch,live_next_cycle,profile_preset,profile,RICH,2,,CONFIG_SCHEMA.description,"Legt fest, was passiert, sobald der Ziel-SOC der festen Entladung erreicht ist. Automatik aktiviert wieder die normale Regelung; Stop/Hold setzt beide Leistungen auf 0 W und bleibt dort.",AUTO | STOP_HOLD,MANUAL_MODE; MANUAL_FIXED_DISCHARGE_TARGET_SOC
Betriebsart & manuelle Steuerung,Profil Feste Entladung,MANUAL_FIXED_DISCHARGE_POWER_W,Feste Entladeleistung,standard,int,Hoch,live_next_cycle,safe_sentinel,default,RICH,2,VAL-002,CONFIG_SCHEMA.description,Leistung für den manuellen Modus Feste Entladung. Der Controller begrenzt diesen Wert zusätzlich auf die konfigurierte maximale Entladeleistung.,0–2400 W speicherbar; Start von FIXED_DISCHARGE nur mit Wert > 0; Anforderung ≤ MAX_DISCHARGE_POWER_W; wirksames Ziel zusätzlich durch inverseMaxPower begrenzt,MANUAL_MODE; MAX_DISCHARGE_POWER_W; inverseMaxPower (read-only)
Betriebsart & manuelle Steuerung,Profil Feste Entladung,MANUAL_FIXED_DISCHARGE_TARGET_SOC,Entladen bis Zendure SOC,standard,int,Hoch,live_next_cycle,profile_preset,profile,RICH,3,VAL-002,CONFIG_SCHEMA.description,"Ziel-SOC für die feste Entladung. Zur Laufzeit wird dieser Wert mindestens auf den konfigurierten Min Zendure SOC angehoben, damit die allgemeine Akku-Schutzgrenze nicht unterschritten wird.",MIN_SOC_PERCENT ≤ Ziel-SOC ≤ 100; Start nur bei frischem aktuellem SOC und Ziel-SOC < aktuellem SOC,MANUAL_MODE; MIN_SOC_PERCENT; ZENDURE_BATTERY_CAPACITY_WH
Betriebsart & manuelle Steuerung,Profil Feste Ladung,MANUAL_CHARGE_AFTER_TARGET,Nach Lade-Ziel,standard,enum,Hoch,live_next_cycle,profile_preset,profile,RICH,2,,CONFIG_SCHEMA.description,"Legt fest, was passiert, sobald der Ziel-SOC der festen Beladung erreicht ist. Automatik aktiviert wieder die normale Regelung; Stop/Hold setzt beide Leistungen auf 0 W und bleibt dort.",AUTO | STOP_HOLD,MANUAL_MODE; MANUAL_FIXED_CHARGE_TARGET_SOC
Betriebsart & manuelle Steuerung,Profil Feste Ladung,MANUAL_FIXED_CHARGE_POWER_W,Feste Ladeleistung,standard,int,Hoch,live_next_cycle,safe_sentinel,default,RICH,2,VAL-003,CONFIG_SCHEMA.description,Leistung für den manuellen Modus Feste Beladung. Der Controller begrenzt diesen Wert zusätzlich auf die konfigurierte maximale Ladeleistung.,0–2400 W speicherbar; Start von FIXED_CHARGE nur mit Wert > 0; Anforderung ≤ MAX_CHARGE_POWER_W; wirksames Ziel zusätzlich durch chargeMaxLimit begrenzt,MANUAL_MODE; MAX_CHARGE_POWER_W; chargeMaxLimit (read-only)
Betriebsart & manuelle Steuerung,Profil Feste Ladung,MANUAL_FIXED_CHARGE_TARGET_SOC,Laden bis Zendure SOC,standard,int,Hoch,live_next_cycle,profile_preset,profile,RICH,3,VAL-003,CONFIG_SCHEMA.description,"Ziel-SOC für die feste Beladung. Zur Laufzeit wird dieser Wert höchstens auf den konfigurierten Max Zendure SOC abgesenkt, damit die allgemeine obere Akku-Grenze eingehalten wird.",0 ≤ Ziel-SOC ≤ MAX_SOC_PERCENT; Start nur bei frischem aktuellem SOC und Ziel-SOC > aktuellem SOC,MANUAL_MODE; MAX_SOC_PERCENT; ZENDURE_BATTERY_CAPACITY_WH
Zendure-Geräte,Batteriekapazität,ZENDURE_BATTERY_CAPACITY_WH,Zendure Batteriekapazität für Prognose,standard,optional_int,Mittel,live_next_cycle,installation,none,BASE,5,,CONFIG_SCHEMA.description,"Gesamtkapazität der Zendure-Batterien in Wh für die Nachtmodus-Prognose. Leer = Prognose nicht berechenbar. Beispiel: 5280 Wh bei 2,4 kWh Headunit plus 2,88 kWh Erweiterung.",Leer oder 100–50.000 Wh; Konflikt mit KWH-Kompatibilitätsalias blockiert Speichern,ZENDURE_BATTERY_CAPACITY_KWH; MAX_SOC_PERCENT; MANUAL_FIXED_CHARGE_TARGET_SOC; MANUAL_FIXED_DISCHARGE_TARGET_SOC; NIGHT_DISCHARGE_STOP_SOC_PERCENT
Zendure-Geräte,Gerätezuordnung,DEVICE_ID,Zendure Device ID,protected_expert,string,Hoch,restart_required,installation,none,BASE,4,VAL-017,CONFIG_SCHEMA.description,Identifier der Zendure Headunit für die MQTT-Topics.,"Nicht leer; keine MQTT-Trennzeichen oder Wildcards '/', '+', '#'; Groß-/Kleinschreibung unverändert erhalten",MQTT_BROKER; MQTT_PORT; ZENDURE_LOCAL_API_ENABLED; ZENDURE_LOCAL_IP
Leistungsgrenzen & SOC-Schutz,Leistungsgrenzen,MAX_CHARGE_POWER_W,Max Ladeleistung,standard,int,Hoch,live_next_cycle,installation,none,RICH,2,,CONFIG_SCHEMA.description,"Maximale Leistung, mit der Zendure bei PV-Überschuss geladen werden darf.",1–2400 W; MANUAL_FIXED_CHARGE_POWER_W und andere feste Ladeziele dürfen den Wert nicht überschreiten,MANUAL_FIXED_CHARGE_POWER_W; chargeMaxLimit (read-only); ZENDURE_BATTERY_CAPACITY_WH
Leistungsgrenzen & SOC-Schutz,Leistungsgrenzen,MAX_DISCHARGE_POWER_W,Max Entladeleistung,standard,int,Hoch,live_next_cycle,installation,none,RICH,3,,CONFIG_SCHEMA.description,"Maximale Leistung, mit der Zendure das Haus versorgen darf.",1–2400 W; MANUAL_FIXED_DISCHARGE_POWER_W und NIGHT_DISCHARGE_POWER_W dürfen den Wert nicht überschreiten,MANUAL_FIXED_DISCHARGE_POWER_W; NIGHT_DISCHARGE_POWER_W; inverseMaxPower (read-only); ZENDURE_BATTERY_CAPACITY_WH
Leistungsgrenzen & SOC-Schutz,SOC-Schutzfenster,MAX_SOC_PERCENT,Max Zendure SOC,standard,int,Hoch,live_next_cycle,installation,none,RICH,4,VAL-001|VAL-002|VAL-003|VAL-005,CONFIG_SCHEMA.description,Ab diesem SOC wird Ladung verhindert.,1–100 %; MIN_SOC_PERCENT < MAX_SOC_PERCENT; MANUAL_FIXED_CHARGE_TARGET_SOC darf nicht darüber liegen,MIN_SOC_PERCENT; MANUAL_FIXED_CHARGE_TARGET_SOC; HARVEST_HIGH_SMA_SOC_ENTER_PERCENT; HARVEST_SMA_FULL_SOC_PERCENT
Leistungsgrenzen & SOC-Schutz,SOC-Schutzfenster,MIN_SOC_PERCENT,Min Zendure SOC,standard,int,Hoch,live_next_cycle,installation,none,RICH,3,VAL-001|VAL-002|VAL-003|VAL-005,CONFIG_SCHEMA.description,Unterhalb dieses SOC wird Entladung verhindert.,0–99 %; MIN_SOC_PERCENT < MAX_SOC_PERCENT; MANUAL_FIXED_DISCHARGE_TARGET_SOC und NIGHT_DISCHARGE_STOP_SOC_PERCENT dürfen nicht darunter liegen,MAX_SOC_PERCENT; MANUAL_FIXED_DISCHARGE_TARGET_SOC; NIGHT_DISCHARGE_STOP_SOC_PERCENT
AUTO-Regelung,Kommandoauflösung & Stellruhe,MIN_COMMAND_CHANGE_W,Mindeständerung MQTT,expert,int,Hoch,live_next_cycle,product_default,default,RICH,3,,CONFIG_SCHEMA.description,"MQTT-Leistungsbefehle werden nur gesendet, wenn sich der Wert mindestens um diesen Betrag ändert. 0 deaktiviert die Optimierung.",0–500 W; nicht größer als MAX_POWER_STEP_W empfohlen; Abstimmung mit DEADBAND_W und Harvest-Entry-Schwellen,MAX_POWER_STEP_W; DEADBAND_W; REST_SURPLUS_MIN_EXPORT_W
AUTO-Regelung,Messwert-Glättung,MOVING_AVERAGE_SAMPLES,Mittelwertbildung,expert,int,Hoch,live_next_cycle,product_default,default,RICH,3,,CONFIG_SCHEMA.description,"Anzahl der Messwerte im gleitenden Mittelwert. Höher = ruhiger, aber träger.",1–60 Messwerte; >30 deutlich als träge warnen,INTERVAL_SECONDS; DEADBAND_W; SMOOTHING_FACTOR
AUTO-Regelung,Netzziel & Ladefreigabe,DEADBAND_W,Netz-Totzone um 0 W,standard,int,Hoch,live_next_cycle,product_default,default,RICH,4,,CONFIG_SCHEMA.description,"Bereich um 0 W Netzleistung, in dem die Leistung gehalten wird. Reduziert Pendeln und MQTT-Kommandos.","0–1000 W; wirksame normale Ladefreigabe ist max(DEADBAND_W, MIN_EFFECTIVE_SURPLUS_FOR_CHARGE_W)",MIN_EFFECTIVE_SURPLUS_FOR_CHARGE_W; MIN_COMMAND_CHANGE_W; CONTROL_GAIN; HARVEST_HIGH_SMA_SOC_ENABLED
AUTO-Regelung,Netzziel & Ladefreigabe,MIN_EFFECTIVE_SURPLUS_FOR_CHARGE_W,Mindestüberschuss für normale AUTO-Ladung,standard,int,Hoch,live_next_cycle,product_default,default,RICH,3,,CONFIG_SCHEMA.description,"Zendure lädt nur, wenn nach Zusatzbatterie-Abzug und Reserve mindestens dieser Überschuss übrig bleibt.","0–2000 W; wirksame normale Ladefreigabe ist max(DEADBAND_W, MIN_EFFECTIVE_SURPLUS_FOR_CHARGE_W)",DEADBAND_W; REST_SURPLUS_MIN_EXPORT_W; SECOND_BATTERY_STALE_BLOCK_CHARGE
AUTO-Regelung,Reaktionsgeschwindigkeit,MAX_POWER_STEP_W,Maximale Sollwertänderung je Zyklus,standard,int,Hoch,live_next_cycle,product_default,default,RICH,3,,CONFIG_SCHEMA.description,Maximale Änderung der Lade-/Entladeleistung pro Zyklus.,1–2400 W; MIN_COMMAND_CHANGE_W sollte nicht größer sein; Anzeige der nominalen und aktuell beobachteten W/s,INTERVAL_SECONDS; SMOOTHING_FACTOR; MIN_COMMAND_CHANGE_W
AUTO-Regelung,Reaktionsgeschwindigkeit,SMA_GUARD_RAMP_DOWN_W,Schrittweite beim Abbau einer AUTO-Ladung,expert,int,Hoch,live_next_cycle,product_default,default,RICH,4,,CONFIG_SCHEMA.description,"Schrittweite, mit der Zendure-Ladung reduziert wird, wenn der Cross-Charge-Schutz blockiert.",1–2400 W; Beziehung zu MAX_POWER_STEP_W deutlich anzeigen,MAX_POWER_STEP_W; SECOND_BATTERY_STALE_BLOCK_CHARGE; REST_SURPLUS_HARVEST_ENABLED; MODE_CHANGE_LOCK_SECONDS
AUTO-Regelung,Reglerberechnung,CONTROL_GAIN,Control Gain,expert,float,Hoch,live_next_cycle,product_default,default,RICH,3,,CONFIG_SCHEMA.description,"Reglerverstärkung. 0.30 bedeutet, dass nur 30 % der Abweichung pro Zyklus aufaddiert werden.","0,01–1,00; aggressive Kombination mit kleiner Totzone und großem Step warnen",DEADBAND_W; SMOOTHING_FACTOR; MAX_POWER_STEP_W
AUTO-Regelung,Reglerberechnung,SMOOTHING_FACTOR,Smoothing Factor,expert,float,Hoch,live_next_cycle,product_default,default,RICH,4,,CONFIG_SCHEMA.description,"Zusätzliche Glättung der Zielwerte. 1.0 reagiert sofort, kleinere Werte sind weicher.","0,01–1,00; 1,00 = ungeglättet; sehr hohe Werte zusammen mit kurzem Intervall und wenigen Mittelwerten warnen",CONTROL_GAIN; MAX_POWER_STEP_W; MOVING_AVERAGE_SAMPLES; INTERVAL_SECONDS
AUTO-Regelung,Zyklus & Ressourcen,INTERVAL_SECONDS,Regelintervall,expert,int,Hoch,live_next_cycle,product_default,default,RICH,4,,CONFIG_SCHEMA.description,"Zeit zwischen zwei Regelschritten. Kleinere Werte reagieren schneller, größere Werte laufen ruhiger.","1–30 s; actual cycle spacing = aktive Arbeit + Pause; Abhängigkeiten zu Moving Average, Step-Rate und Freshness anzeigen",MAX_POWER_STEP_W; MOVING_AVERAGE_SAMPLES; SOC_STALE_TIMEOUT_SECONDS; REST_SURPLUS_ENTRY_CONFIRM_SECONDS
Nachtbetrieb,Aktivierung,NIGHT_DISCHARGE_ENABLED,Nachtmodus aktiv,standard,bool,Hoch,live_next_cycle,safe_sentinel,default,RICH,7,,CONFIG_SCHEMA.description,Aktiviert eine feste Entladeleistung im konfigurierten Zeitfenster.,"Bei Aktivierung: gültiges Zeitfenster, Leistung >0, Leistung ≤ globales Entladelimit",NIGHT_START_HOUR; NIGHT_START_MINUTE; NIGHT_END_HOUR; NIGHT_END_MINUTE; NIGHT_DISCHARGE_POWER_W; NIGHT_DISCHARGE_STOP_SOC_PERCENT; MANUAL_MODE
Nachtbetrieb,Feste Basisentladung,NIGHT_DISCHARGE_POWER_W,Feste Nacht-Basisentladung,standard,int,Hoch,live_next_cycle,safe_sentinel,default,RICH,2,,CONFIG_SCHEMA.description,Feste Entladeleistung im Nachtmodus.,Bei aktiviertem Nachtbetrieb 1–2400 W und ≤ MAX_DISCHARGE_POWER_W; wirksames Ziel zusätzlich durch inverseMaxPower begrenzt,MAX_DISCHARGE_POWER_W; inverseMaxPower (read-only); MIN_COMMAND_CHANGE_W
Nachtbetrieb,Reserve & Folgeverhalten,NIGHT_DISCHARGE_STOP_SOC_PERCENT,Reserve-SOC für feste Nachtentladung,standard,optional_int,Hoch,live_next_cycle,auto_or_unset,clear,RICH,3,VAL-005,CONFIG_SCHEMA.description,"Optionaler Reserve-/Stop-SOC für die Nachtentladung. Leer lassen für bisheriges Verhalten. Wenn gesetzt, stoppt die Nachtentladung bei SOC kleiner/gleich diesem Wert. Steigt der SOC später wieder über diesen Wert, darf die Nachtentladung im selben Nachtfenster wieder laufen. Der Wert muss mindestens dem globalen Mindest-SOC entsprechen.",Leer oder MIN_SOC_PERCENT–100 %; unter globalem Min-SOC Fehler; über MAX_SOC_PERCENT Warnung,MIN_SOC_PERCENT; MAX_SOC_PERCENT; ZENDURE_BATTERY_CAPACITY_WH
Nachtbetrieb,Zeitfenster,NIGHT_END_HOUR,Ende Stunde,standard,int,Hoch,live_next_cycle,profile_preset,profile,RICH,3,VAL-004,CONFIG_SCHEMA.description,Endstunde des Nachtmodus.,UI als gemeinsames HH:MM-Feld; Start und Ende dürfen nicht identisch sein; Mitternachtsüberlauf ist zulässig,NIGHT_START_HOUR; NIGHT_START_MINUTE; NIGHT_END_HOUR; NIGHT_END_MINUTE
Nachtbetrieb,Zeitfenster,NIGHT_END_MINUTE,Ende Minute,standard,int,Hoch,live_next_cycle,profile_preset,profile,RICH,3,VAL-004,CONFIG_SCHEMA.description,Endminute des Nachtmodus. Wird in der Weboberfläche zusammen mit der Stunde als hh:mm-Feld dargestellt.,UI als gemeinsames HH:MM-Feld; Start und Ende dürfen nicht identisch sein; Mitternachtsüberlauf ist zulässig,NIGHT_START_HOUR; NIGHT_START_MINUTE; NIGHT_END_HOUR; NIGHT_END_MINUTE
Nachtbetrieb,Zeitfenster,NIGHT_START_HOUR,Start Stunde,standard,int,Hoch,live_next_cycle,profile_preset,profile,RICH,3,VAL-004,CONFIG_SCHEMA.description,Startstunde des Nachtmodus.,UI als gemeinsames HH:MM-Feld; Start und Ende dürfen nicht identisch sein; Mitternachtsüberlauf ist zulässig,NIGHT_START_HOUR; NIGHT_START_MINUTE; NIGHT_END_HOUR; NIGHT_END_MINUTE
Nachtbetrieb,Zeitfenster,NIGHT_START_MINUTE,Start Minute,standard,int,Hoch,live_next_cycle,profile_preset,profile,RICH,3,VAL-004,CONFIG_SCHEMA.description,Startminute des Nachtmodus.,UI als gemeinsames HH:MM-Feld; Start und Ende dürfen nicht identisch sein; Mitternachtsüberlauf ist zulässig,NIGHT_START_HOUR; NIGHT_START_MINUTE; NIGHT_END_HOUR; NIGHT_END_MINUTE
Primärspeicher & SMA,Freshness & Verfügbarkeit,SECOND_BATTERY_STALE_TIMEOUT_SECONDS,Daten-Timeout,expert,int,Hoch,live_next_cycle,product_default,default,BASE,5,,CONFIG_SCHEMA.description,"Nach dieser Zeit ohne Update auf einem konfigurierten Zusatzbatterie-MQTT-Topic gelten die Daten als veraltet. Je kleiner der Wert, desto schneller reagiert der Schutz auf fehlende Daten; je größer der Wert, desto toleranter ist das System gegenüber kurzen MQTT-Aussetzern.",5–600 s; kleiner als typischer Publishabstand blockieren,SECOND_BATTERY_STALE_BLOCK_CHARGE; REST_SURPLUS_HARVEST_ENABLED; SECOND_BATTERY_POWER_TOPIC; SECOND_BATTERY_SOC_TOPIC; SECOND_BATTERY_CAPACITY_TOPIC
Primärspeicher & SMA,Identität & Status,SECOND_BATTERY_DISPLAY_NAME,Zusatzbatterie Anzeigename,standard,string,Niedrig,live_next_cycle,installation,none,BASE,2,,CONFIG_SCHEMA.description,"Freier Anzeigename der externen Batterie auf Statusseite, Graph und CSV-Beschreibungen, z. B. SMA Sunny Island, Victron ESS oder Hausspeicher Keller.",Nicht leer empfohlen; keine Steuerwirkung,SECOND_BATTERY_SOURCE_PROFILE; CROSS_CHARGE_ENABLED
Primärspeicher & SMA,MQTT-Datenquelle,SECOND_BATTERY_SOURCE_PROFILE,Datenquellen-Profil,standard,enum,Hoch,live_next_cycle,profile_preset,profile,BASE,5,VAL-008,CONFIG_SCHEMA.description,"EVCC Standard ist eine Komfort-Vorlage: aus dem Basis-Topic werden /power, /soc und /capacity gebildet. Benutzerdefiniert erlaubt vollständig frei angegebene Einzel-Topics und optionale JSON-Feldpfade.",EVCC Standard | Benutzerdefiniert,SECOND_BATTERY_EVCC_BASE_TOPIC; SECOND_BATTERY_POWER_TOPIC; SECOND_BATTERY_SOC_TOPIC; SECOND_BATTERY_CAPACITY_TOPIC; CROSS_CHARGE_ENABLED
Primärspeicher & SMA,MQTT-Datenquelle · Benutzerdefiniert,SECOND_BATTERY_CAPACITY_TOPIC,Kapazitäts-Topic,expert,string,Mittel,live_next_cycle,profile_preset,profile,BASE,4,,CONFIG_SCHEMA.description,"Optionales MQTT-Topic für die Zusatzbatterie-Kapazität. Die Kapazität dient Anzeige und Diagnose, ist aber nicht zwingend für die Schutzentscheidung erforderlich.",Optional; keine Zielwertwirkung,SECOND_BATTERY_CAPACITY_PAYLOAD_TYPE; SECOND_BATTERY_CAPACITY_JSON_PATH; SECOND_BATTERY_CAPACITY_UNIT; HARVEST_CAPACITY_WEIGHTING_MODE
Primärspeicher & SMA,MQTT-Datenquelle · Benutzerdefiniert,SECOND_BATTERY_POWER_TOPIC,Leistungs-Topic,standard,string,Hoch,live_next_cycle,profile_preset,profile,BASE,5,VAL-008,CONFIG_SCHEMA.description,"Vollständiges MQTT-Topic der Zusatzbatterie-Leistung. Dieses Topic ist im benutzerdefinierten Profil Pflicht, weil der Cross-Charge-Schutz primär aus der Leistung erkennt, ob die Zusatzbatterie entlädt.",Bei Custom und aktiver Integration Pflicht; exaktes MQTT-Topic ohne + oder #,SECOND_BATTERY_SOURCE_PROFILE; SECOND_BATTERY_POWER_PAYLOAD_TYPE; SECOND_BATTERY_POWER_JSON_PATH; SECOND_BATTERY_POWER_UNIT; SECOND_BATTERY_DISCHARGE_SIGN
Primärspeicher & SMA,MQTT-Datenquelle · Benutzerdefiniert,SECOND_BATTERY_SOC_TOPIC,SOC-Topic,standard,string,Hoch,live_next_cycle,profile_preset,profile,BASE,3,VAL-008,CONFIG_SCHEMA.description,Optionales MQTT-Topic für den Ladezustand der Zusatzbatterie in Prozent. Der Schutz kann auch ohne SOC arbeiten; die Anzeige zeigt dann 'nicht konfiguriert'.,Optional für reinen Cross-Charge-/Near-Limit-Betrieb; bei HARVEST_HIGH_SMA_SOC_ENABLED im Custom-Profil Pflicht,HARVEST_HIGH_SMA_SOC_ENABLED; SECOND_BATTERY_SOC_PAYLOAD_TYPE; SECOND_BATTERY_SOC_JSON_PATH
Primärspeicher & SMA,MQTT-Datenquelle · EVCC Standard,SECOND_BATTERY_EVCC_BASE_TOPIC,EVCC Batterie-Basis-Topic,standard,string,Hoch,live_next_cycle,profile_preset,profile,BASE,2,,CONFIG_SCHEMA.description,"Basis-Topic der Zusatzbatterie bei EVCC-Standardstruktur, z. B. evcc/site/battery/devices/1. Daraus werden Leistung, SOC und Kapazität automatisch als /power, /soc und /capacity abgeleitet.",Nicht leer; exaktes MQTT-Topic ohne + oder #,SECOND_BATTERY_SOURCE_PROFILE; CROSS_CHARGE_ENABLED
Primärspeicher & SMA,MQTT-Payload · Benutzerdefiniert,SECOND_BATTERY_CAPACITY_JSON_PATH,Kapazität JSON-Feldpfad,expert,string,Hoch,live_next_cycle,profile_preset,profile,BASE,1,,CONFIG_SCHEMA.description,"Feldpfad innerhalb eines JSON-Payloads, z. B. capacity oder battery.capacity. Nur relevant, wenn Kapazitäts-Payload = JSON gewählt ist.",Bei Payloadformat JSON und konfiguriertem Topic Pflicht; Punktpfad ohne Leersegmente,SECOND_BATTERY_CAPACITY_PAYLOAD_TYPE
Primärspeicher & SMA,MQTT-Payload · Benutzerdefiniert,SECOND_BATTERY_CAPACITY_PAYLOAD_TYPE,Kapazitäts-Payload,expert,enum,Hoch,live_next_cycle,profile_preset,profile,BASE,2,,CONFIG_SCHEMA.description,"Gibt an, ob das Kapazitäts-Topic direkt eine Zahl enthält oder ein JSON-Objekt liefert.",number | json; JSON nur mit nichtleerem Feldpfad,SECOND_BATTERY_CAPACITY_TOPIC; SECOND_BATTERY_CAPACITY_JSON_PATH
Primärspeicher & SMA,MQTT-Payload · Benutzerdefiniert,SECOND_BATTERY_POWER_JSON_PATH,Leistung JSON-Feldpfad,expert,string,Hoch,live_next_cycle,profile_preset,profile,BASE,1,,CONFIG_SCHEMA.description,"Feldpfad innerhalb eines JSON-Payloads, z. B. power oder battery.power. Nur relevant, wenn Leistungs-Payload = JSON gewählt ist.",Bei Payloadformat JSON und konfiguriertem Topic Pflicht; Punktpfad ohne Leersegmente,SECOND_BATTERY_POWER_PAYLOAD_TYPE
Primärspeicher & SMA,MQTT-Payload · Benutzerdefiniert,SECOND_BATTERY_POWER_PAYLOAD_TYPE,Leistungs-Payload,expert,enum,Hoch,live_next_cycle,profile_preset,profile,BASE,2,,CONFIG_SCHEMA.description,"Gibt an, ob das Leistungs-Topic direkt eine Zahl enthält oder ein JSON-Objekt liefert.",number | json; JSON nur mit nichtleerem Feldpfad,SECOND_BATTERY_POWER_TOPIC; SECOND_BATTERY_POWER_JSON_PATH
Primärspeicher & SMA,MQTT-Payload · Benutzerdefiniert,SECOND_BATTERY_SOC_JSON_PATH,SOC JSON-Feldpfad,expert,string,Hoch,live_next_cycle,profile_preset,profile,BASE,1,,CONFIG_SCHEMA.description,"Feldpfad innerhalb eines JSON-Payloads, z. B. soc oder battery.soc. Nur relevant, wenn SOC-Payload = JSON gewählt ist.",Bei Payloadformat JSON und konfiguriertem Topic Pflicht; Punktpfad ohne Leersegmente,SECOND_BATTERY_SOC_PAYLOAD_TYPE
Primärspeicher & SMA,MQTT-Payload · Benutzerdefiniert,SECOND_BATTERY_SOC_PAYLOAD_TYPE,SOC-Payload,expert,enum,Hoch,live_next_cycle,profile_preset,profile,BASE,2,,CONFIG_SCHEMA.description,"Gibt an, ob das SOC-Topic direkt eine Zahl enthält oder ein JSON-Objekt liefert.",number | json; JSON nur mit nichtleerem Feldpfad,SECOND_BATTERY_SOC_TOPIC; SECOND_BATTERY_SOC_JSON_PATH
Primärspeicher & SMA,Normalisierung,SECOND_BATTERY_CAPACITY_UNIT,Kapazitätseinheit,expert,enum,Mittel,live_next_cycle,profile_preset,profile,BASE,1,,CONFIG_SCHEMA.description,Einheit des Kapazitätswerts der Zusatzbatterie. Die Statusseite zeigt den Wert in kWh an.,Wh | kWh,SECOND_BATTERY_CAPACITY_TOPIC
Primärspeicher & SMA,Normalisierung,SECOND_BATTERY_DISCHARGE_SIGN,Bedeutung des MQTT-Leistungsvorzeichens,standard,int,Sehr hoch,live_next_cycle,profile_preset,profile,BASE,4,,CONFIG_SCHEMA.description,"+1 bedeutet: positive MQTT-Leistung = Zusatzbatterie entlädt. -1 bedeutet: negative MQTT-Leistung = Zusatzbatterie entlädt. Die Statusanzeige normiert danach auf positiv = Ladung, negativ = Entladung.",+1 oder −1; Änderung nur mit Rohwert-/Richtungsvorschau,SECOND_BATTERY_POWER_TOPIC; SECOND_BATTERY_POWER_UNIT; CROSS_CHARGE_SIGNIFICANT_W; REST_SURPLUS_HARVEST_ENABLED
Primärspeicher & SMA,Normalisierung,SECOND_BATTERY_POWER_UNIT,Leistungseinheit,expert,enum,Hoch,live_next_cycle,profile_preset,profile,BASE,2,,CONFIG_SCHEMA.description,Einheit des Leistungswerts der Zusatzbatterie. Intern wird immer auf Watt normalisiert.,W | kW,SECOND_BATTERY_POWER_TOPIC; SECOND_BATTERY_DISCHARGE_SIGN
Primärspeicher & SMA,Technische Leistungsdaten,SECOND_BATTERY_MAX_CHARGE_POWER_W,Maximale Ladeleistung Primärspeicher,standard,optional_int,Hoch,live_next_cycle,installation,none,BASE,7,VAL-009|VAL-011,CONFIG_SCHEMA.description,Maximale Ladeleistung des Primärspeichers bzw. der Zweitbatterie. Dieser Wert steht meist im Datenblatt des Wechselrichters/Batteriesystems. Leer bedeutet: Restüberschuss-Ernte bleibt nicht wirksam. Für SMA Sunny Island 3.0M-11 sind aus ZEC-Sicht 2300 W passend.,"Leer zulässig, solange Harvest aus; bei Harvest 300–10.000 W Pflicht. Alle absoluten Floor-/Restart-/Near-Limit-Werte ≤ Maximum",REST_SURPLUS_HARVEST_ENABLED; HARVEST_PRIMARY_CHARGE_FLOOR_RATIO; HARVEST_PRIMARY_CHARGE_FLOOR_W; HARVEST_PRIMARY_CHARGE_RESTART_RATIO; HARVEST_PRIMARY_CHARGE_RESTART_W; HARVEST_PRIMARY_CHARGE_NEAR_LIMIT_RATIO; HARVEST_PRIMARY_CHARGE_NEAR_LIMIT_W
Harvest / Restüberschuss,Entry & Hysterese,HARVEST_HIGH_SMA_SOC_ENTRY_CONFIRM_SECONDS,High-SOC Eintritt bestätigen,expert,int,Hoch,live_next_cycle,profile_preset,profile,RICH,2,,validation_text,1–300 s; Zeitprofilabhängigkeit sichtbar machen,1–300 s; Zeitprofilabhängigkeit sichtbar machen,HARVEST_HIGH_SMA_SOC_TIME_PROFILE_ENABLED; INTERVAL_SECONDS
Harvest / Restüberschuss,Entry & Hysterese,HARVEST_HIGH_SMA_SOC_HOLD_SECONDS,High-SOC Haltezeit,expert,int,Hoch,live_next_cycle,profile_preset,profile,RICH,2,,validation_text,0–3600 s; nicht als maximale Aktivdauer beschreiben,0–3600 s; nicht als maximale Aktivdauer beschreiben,HARVEST_HIGH_SMA_SOC_EXIT_PERCENT; INTERVAL_SECONDS
Harvest / Restüberschuss,High-SOC & Vollspeicher,HARVEST_HIGH_SMA_SOC_ENABLED,High-SOC Parallel-Harvest aktiv,standard,bool,Hoch,live_next_cycle,profile_preset,profile,RICH,4,VAL-008,validation_text,Bei Custom-Profil SOC-Topic Pflicht; Exit < Enter ≤ Voll-Schwelle,Bei Custom-Profil SOC-Topic Pflicht; Exit < Enter ≤ Voll-Schwelle,HARVEST_HIGH_SMA_SOC_ENTER_PERCENT; HARVEST_HIGH_SMA_SOC_EXIT_PERCENT; HARVEST_SMA_FULL_SOC_PERCENT; SECOND_BATTERY_SOC_TOPIC
Harvest / Restüberschuss,High-SOC & Vollspeicher,HARVEST_HIGH_SMA_SOC_ENTER_PERCENT,High-SOC Eintritt,standard,int,Hoch,live_next_cycle,profile_preset,profile,RICH,4,VAL-010,validation_text,1–100 %; Exit < Enter ≤ Voll-Schwelle,1–100 %; Exit < Enter ≤ Voll-Schwelle,HARVEST_HIGH_SMA_SOC_EXIT_PERCENT; HARVEST_SMA_FULL_SOC_PERCENT; HARVEST_HIGH_SMA_SOC_MIN_EXPORT_W; HARVEST_PRIMARY_CHARGE_RESTART_RATIO
Harvest / Restüberschuss,High-SOC & Vollspeicher,HARVEST_HIGH_SMA_SOC_EXIT_PERCENT,High-SOC Austritt,standard,int,Hoch,live_next_cycle,profile_preset,profile,RICH,2,VAL-010,validation_text,0–99 %; Exit < Enter,0–99 %; Exit < Enter,HARVEST_HIGH_SMA_SOC_ENTER_PERCENT; HARVEST_HIGH_SMA_SOC_HOLD_SECONDS
Harvest / Restüberschuss,High-SOC & Vollspeicher,HARVEST_HIGH_SMA_SOC_MIN_EXPORT_W,Mindestexport für High-SOC Eintritt,expert,int,Hoch,live_next_cycle,profile_preset,profile,RICH,3,,validation_text,1–5000 W; kein gewünschter Restexport,1–5000 W; kein gewünschter Restexport,HARVEST_HIGH_SMA_SOC_ENTER_PERCENT; HARVEST_SMA_FULL_SOC_PERCENT; HARVEST_PRIMARY_CHARGE_RESTART_RATIO
Harvest / Restüberschuss,High-SOC & Vollspeicher,HARVEST_SMA_FULL_SOC_PERCENT,SMA Voll-SOC Schwelle,standard,int,Hoch,live_next_cycle,profile_preset,profile,RICH,2,VAL-010,validation_text,Enter-SOC ≤ Wert ≤ 100 %,Enter-SOC ≤ Wert ≤ 100 %,HARVEST_HIGH_SMA_SOC_ENTER_PERCENT; HARVEST_HIGH_SMA_SOC_MIN_EXPORT_W
Harvest / Restüberschuss,Master & Zielbild,REST_SURPLUS_HARVEST_ENABLED,Restüberschuss-Ernte aktivieren,standard,bool,Hoch,live_next_cycle,safe_sentinel,default,RICH,4,VAL-006|VAL-007|VAL-009,CONFIG_SCHEMA.description,"Aktiviert eine spezielle AUTO-Funktion: Wenn der Primärspeicher über längere Zeit nahe seiner Ladegrenze lädt und trotzdem Netzexport übrig bleibt, darf Zendure diesen Restüberschuss zusätzlich laden. Die Funktion startet nicht bei kurzen Spitzen und darf nur laden, niemals Entladung auslösen.","Nur aktivierbar bei CROSS_CHARGE_ENABLED, frischer Leistungskonfiguration und SECOND_BATTERY_MAX_CHARGE_POWER_W",CROSS_CHARGE_ENABLED; SECOND_BATTERY_MAX_CHARGE_POWER_W; REST_SURPLUS_MIN_EXPORT_W; HARVEST_HIGH_SMA_SOC_ENABLED
Harvest / Restüberschuss,Near-Limit-Entry,REST_SURPLUS_ENTRY_CONFIRM_SECONDS,Near-Limit Eintritt bestätigen,expert,int,Hoch,live_next_cycle,profile_preset,profile,RICH,2,,validation_text,1–300 s; unter 2×Intervall warnen; über 180 s warnen,1–300 s; unter 2×Intervall warnen; über 180 s warnen,REST_SURPLUS_MIN_EXPORT_W; INTERVAL_SECONDS
Harvest / Restüberschuss,Near-Limit-Entry,REST_SURPLUS_MIN_EXPORT_W,Mindest-Netzexport zur Aktivierung,expert,int,Hoch,live_next_cycle,profile_preset,profile,RICH,4,,CONFIG_SCHEMA.description,"Mindestexport am Netzanschlusspunkt, ab dem die Restüberschuss-Ernte für den Entry qualifiziert. Dieser Wert ist nur eine Aktivierungs-/Rauschschwelle, kein dauerhaft gewünschter Restexport. Default: 80 W.",20–1000 W; >0; kein gewünschter Restexport,REST_SURPLUS_ENTRY_CONFIRM_SECONDS; HARVEST_PRIMARY_CHARGE_NEAR_LIMIT_RATIO; HARVEST_PRIMARY_CHARGE_NEAR_LIMIT_W; DEADBAND_W
Harvest / Restüberschuss,Primärspeicher-Schwellen,HARVEST_PRIMARY_CHARGE_FLOOR_RATIO,Primärspeicher Mindestladeanteil,expert,float,Hoch,live_next_cycle,profile_preset,profile,RICH,2,VAL-011|VAL-012,validation_text,"0–1; wirkt nur, wenn zugehöriger W-Override leer oder ≤0","0–1; wirkt nur, wenn zugehöriger W-Override leer oder ≤0",HARVEST_PRIMARY_CHARGE_FLOOR_W; SECOND_BATTERY_MAX_CHARGE_POWER_W
Harvest / Restüberschuss,Primärspeicher-Schwellen,HARVEST_PRIMARY_CHARGE_FLOOR_W,Primärspeicher Mindestladeleistung (Override),expert,string,Hoch,live_next_cycle,auto_or_unset,auto,RICH,2,VAL-011|VAL-012,validation_text,Leer/0 oder 1–Primärspeicher-Maximum,Leer/0 oder 1–Primärspeicher-Maximum,HARVEST_PRIMARY_CHARGE_FLOOR_RATIO; SECOND_BATTERY_MAX_CHARGE_POWER_W
Harvest / Restüberschuss,Primärspeicher-Schwellen,HARVEST_PRIMARY_CHARGE_NEAR_LIMIT_RATIO,Primärspeicher Near-Limit Anteil,expert,float,Hoch,live_next_cycle,profile_preset,profile,RICH,2,VAL-011|VAL-012,validation_text,"0–1; wirkt nur, wenn zugehöriger W-Override leer oder ≤0","0–1; wirkt nur, wenn zugehöriger W-Override leer oder ≤0",HARVEST_PRIMARY_CHARGE_NEAR_LIMIT_W; SECOND_BATTERY_MAX_CHARGE_POWER_W
Harvest / Restüberschuss,Primärspeicher-Schwellen,HARVEST_PRIMARY_CHARGE_NEAR_LIMIT_W,Primärspeicher Near-Limit Leistung (Override),expert,string,Hoch,live_next_cycle,auto_or_unset,auto,RICH,2,VAL-011|VAL-012,validation_text,Leer/0 oder 1–Primärspeicher-Maximum,Leer/0 oder 1–Primärspeicher-Maximum,HARVEST_PRIMARY_CHARGE_NEAR_LIMIT_RATIO; SECOND_BATTERY_MAX_CHARGE_POWER_W
Harvest / Restüberschuss,Primärspeicher-Schwellen,HARVEST_PRIMARY_CHARGE_RESTART_RATIO,Primärspeicher Wiederanlaufanteil,expert,float,Hoch,live_next_cycle,profile_preset,profile,RICH,2,VAL-011|VAL-012,validation_text,"0–1; wirkt nur, wenn zugehöriger W-Override leer oder ≤0","0–1; wirkt nur, wenn zugehöriger W-Override leer oder ≤0",HARVEST_PRIMARY_CHARGE_RESTART_W; SECOND_BATTERY_MAX_CHARGE_POWER_W
Harvest / Restüberschuss,Primärspeicher-Schwellen,HARVEST_PRIMARY_CHARGE_RESTART_W,Primärspeicher Wiederanlaufleistung (Override),expert,string,Hoch,live_next_cycle,auto_or_unset,auto,RICH,2,VAL-011|VAL-012,validation_text,Leer/0 oder 1–Primärspeicher-Maximum,Leer/0 oder 1–Primärspeicher-Maximum,HARVEST_PRIMARY_CHARGE_RESTART_RATIO; SECOND_BATTERY_MAX_CHARGE_POWER_W
Harvest / Restüberschuss,Tageszeitprofil,HARVEST_PRIMARY_CHARGE_TARGET_SHARE_AFTERNOON,SMA-Zielanteil nachmittags,expert,float,Hoch,live_next_cycle,profile_preset,profile,RICH,3,,validation_text,"0–1, UI 0–100 %; extreme Werte informieren, nicht blockieren","0–1, UI 0–100 %; extreme Werte informieren, nicht blockieren",HARVEST_HIGH_SMA_SOC_TIME_PROFILE_ENABLED; HARVEST_PRIMARY_CHARGE_FLOOR_RATIO; SECOND_BATTERY_MAX_CHARGE_POWER_W
Harvest / Restüberschuss,Tageszeitprofil,HARVEST_PRIMARY_CHARGE_TARGET_SHARE_MIDDAY,SMA-Zielanteil mittags,expert,float,Hoch,live_next_cycle,profile_preset,profile,RICH,3,,validation_text,"0–1, UI 0–100 %; extreme Werte informieren, nicht blockieren","0–1, UI 0–100 %; extreme Werte informieren, nicht blockieren",HARVEST_HIGH_SMA_SOC_TIME_PROFILE_ENABLED; HARVEST_PRIMARY_CHARGE_FLOOR_RATIO; SECOND_BATTERY_MAX_CHARGE_POWER_W
Harvest / Restüberschuss,Tageszeitprofil,HARVEST_PRIMARY_CHARGE_TARGET_SHARE_MORNING,SMA-Zielanteil morgens,expert,float,Hoch,live_next_cycle,profile_preset,profile,RICH,3,,validation_text,"0–1, UI 0–100 %; extreme Werte informieren, nicht blockieren","0–1, UI 0–100 %; extreme Werte informieren, nicht blockieren",HARVEST_HIGH_SMA_SOC_TIME_PROFILE_ENABLED; HARVEST_PRIMARY_CHARGE_FLOOR_RATIO; SECOND_BATTERY_MAX_CHARGE_POWER_W
Cross-Charge-Schutz,Aktivierung,CROSS_CHARGE_ENABLED,Cross-Charge-Schutz aktiv,standard,bool,Sehr hoch,live_next_cycle,safe_sentinel,default,RICH,5,VAL-006|VAL-007,CONFIG_SCHEMA.description,Aktiviert das Einlesen einer externen Zusatzbatterie per MQTT und verhindert unerwünschtes Batterie-zu-Batterie-Laden.,Primärspeicher-Leistungstopic und korrekte Vorzeichen-/Einheitennormalisierung erforderlich,SECOND_BATTERY_SOURCE_PROFILE; SECOND_BATTERY_POWER_TOPIC; SECOND_BATTERY_DISCHARGE_SIGN; CROSS_CHARGE_SIGNIFICANT_W; SECOND_BATTERY_STALE_BLOCK_CHARGE
Cross-Charge-Schutz,Fallback bei fehlenden Daten,SECOND_BATTERY_STALE_BLOCK_CHARGE,Bei Daten-Timeout Ladung blockieren,standard,bool,Sehr hoch,live_next_cycle,product_default,default,RICH,4,,CONFIG_SCHEMA.description,"Konservativer Fallback: Wenn der Cross-Charge-Schutz aktiv ist, aber keine frischen Zusatzbatteriedaten vorliegen, wird Zendure-Ladung blockiert.",Bei aktivem Harvest/Cross-Charge empfohlen; Abschalten erfordert Schutzwarnung,SECOND_BATTERY_STALE_TIMEOUT_SECONDS; CROSS_CHARGE_ENABLED; REST_SURPLUS_HARVEST_ENABLED; SMA_GUARD_RAMP_DOWN_W
Cross-Charge-Schutz,Schaltschwelle & Hysterese,CROSS_CHARGE_SIGNIFICANT_W,Gegenfluss ab,standard,int,Hoch,live_next_cycle,product_default,default,RICH,2,,CONFIG_SCHEMA.description,Ab diesem gegenläufigen Leistungsfluss zwischen Zusatzbatterie und Zendure wird der Cross-Charge-Schutz aktiv. Eine interne niedrigere Freigabeschwelle verhindert hektisches Ein-/Ausschalten.,0–5000 W; 0 bedeutet Reaktion auf jeden nichtnulligen Gegenfluss und erzeugt erhöhtes Rausch-/Stellrisiko,SECOND_BATTERY_STALE_TIMEOUT_SECONDS; MIN_COMMAND_CHANGE_W
Kommandowirkung & Resync,0-W-Neutralisierung,COMMAND_NEUTRALIZATION_TIMEOUT_SECONDS,Prüfzeit für 0-W-Neutralisierung,protected_expert,int,Sehr hoch,live_next_cycle,product_default,default,RICH,2,,CONFIG_SCHEMA.description,Nach dieser Zeit muss eine sicherheitsrelevante 0-W-Neutralisierung physisch bestätigt sein. Bei fortbestehender Leistung sendet ZEC AC-Modus sowie beide Limits als Full-State-Neutralisierung erneut.,5–300 s; kleiner als sichere Telemetrie-/Readback-Latenz warnen,COMMAND_RESYNC_COOLDOWN_SECONDS; COMMAND_EFFECT_TOLERANCE_W
Kommandowirkung & Resync,Command-State & Flash-Schutz,ZENDURE_COMMAND_STATE_FRESH_SECONDS,Gültigkeit Zendure-Command-State,protected_expert,int,Sehr hoch,live_next_cycle,product_default,default,RICH,3,,CONFIG_SCHEMA.description,"Maximales Alter der rückgelesenen Werte smartMode, acMode, inputLimit und outputLimit. Dynamische Limitänderungen werden nur bei bestätigtem smartMode=1 freigegeben.",5–300 s; kleiner als MQTT-/Gerätelatenz warnen,ZENDURE_SMART_MODE_RETRY_SECONDS; ZENDURE_COMMAND_STATE_RETRY_SECONDS; COMMAND_EFFECT_TIMEOUT_SECONDS
Kommandowirkung & Resync,Command-State & Flash-Schutz,ZENDURE_COMMAND_STATE_RETRY_SECONDS,Wiederholintervall vollständiger Command-State,protected_expert,int,Sehr hoch,live_next_cycle,product_default,default,RICH,2,,CONFIG_SCHEMA.description,"Mindestabstand für einen erneuten vollständigen Modus-/Limit-Abgleich, solange die Rücklesung noch nicht konsistent ist.",5–600 s; kurze Werte erhöhen Full-State-Publishes,ZENDURE_COMMAND_STATE_FRESH_SECONDS; ZENDURE_SMART_MODE_RETRY_SECONDS
Kommandowirkung & Resync,Command-State & Flash-Schutz,ZENDURE_SMART_MODE_RETRY_SECONDS,Wiederholintervall Flash-Schutz,protected_expert,int,Sehr hoch,live_next_cycle,product_default,default,RICH,2,,CONFIG_SCHEMA.description,"Mindestabstand für erneutes smartMode=ON, wenn der volatile Flash-Schutz noch nicht rückgelesen wurde.",5–600 s; kurze Werte erhöhen wiederholte Gerätekommandos,ZENDURE_COMMAND_STATE_FRESH_SECONDS; ZENDURE_COMMAND_STATE_RETRY_SECONDS
Kommandowirkung & Resync,MQTT-Recovery,COMMAND_RESYNC_STALE_MIN_SECONDS,Resync ab Stale-Dauer,expert,int,Hoch,live_next_cycle,product_default,default,RICH,3,,CONFIG_SCHEMA.description,"Mindestdauer eines unsicheren Zendure-MQTT-Zustands, bevor Recovery einen Command-Resync auslöst.",3–600 s; kleiner als Command-State-Freshness nur mit Warnung,COMMAND_RESYNC_STALE_MIN_CYCLES; COMMAND_RESYNC_COOLDOWN_SECONDS; ZENDURE_COMMAND_STATE_FRESH_SECONDS
Kommandowirkung & Resync,Notfall-/Legacy-Verhalten,COMMAND_RESYNC_ON_MQTT_RECOVERY_ALWAYS,Zendure-Command-Resync bei jeder MQTT-Recovery,protected_expert,bool,Sehr hoch,live_next_cycle,product_default,default,RICH,3,,CONFIG_SCHEMA.description,"Notfall-/Legacy-Schalter: erzwingt Resync bei jeder Zendure-MQTT-Recovery. Standard in V12.11.2-RC1 ist aus, damit kurze STALE-Phasen keinen Resync-Sturm auslösen.",Default aus; Aktivierung nur mit Warnung vor zusätzlicher Publish-/Resync-Aktivität,COMMAND_RESYNC_STALE_MIN_SECONDS; COMMAND_RESYNC_STALE_MIN_CYCLES; COMMAND_RESYNC_COOLDOWN_SECONDS
Kommandowirkung & Resync,Recovery nach bestätigtem Mismatch,COMMAND_EFFECT_FORCE_RESEND_SECONDS,Resend-Zeit bei anhaltender Nichtwirkung,protected_expert,int,Sehr hoch,live_next_cycle,product_default,default,RICH,2,,CONFIG_SCHEMA.description,Nach dieser Zeit sendet ZEC einen weiterhin unwirksamen aktiven Sollzustand vollständig erneut. Resync-Versand und anschließend bestätigte Gerätewirkung werden getrennt dokumentiert.,30–900 s; effektiv nie kleiner als COMMAND_EFFECT_TIMEOUT_SECONDS; zusätzlich Resync-Cooldown beachten,COMMAND_EFFECT_TIMEOUT_SECONDS; COMMAND_RESYNC_COOLDOWN_SECONDS
Kommandowirkung & Resync,Recovery-Drosselung,COMMAND_RESYNC_COOLDOWN_SECONDS,Resync-Cooldown,protected_expert,int,Sehr hoch,live_next_cycle,product_default,default,RICH,3,,CONFIG_SCHEMA.description,"Unterdrückt identische Resync-Wiederholungen im Cooldown, außer bei weiter bestätigtem Mismatch nach Ablauf des Cooldowns.",0–1800 s; 0 nur mit deutlicher Sturm-/Verschleißwarnung,COMMAND_EFFECT_FORCE_RESEND_SECONDS; COMMAND_NEUTRALIZATION_TIMEOUT_SECONDS; ZENDURE_COMMAND_STATE_RETRY_SECONDS
Kommandowirkung & Resync,Sollwerttracking,COMMAND_EFFECT_TOLERANCE_PERCENT,Relative Soll/Ist-Toleranz für Zielwerttracking,expert,int,Hoch,live_next_cycle,product_default,default,RICH,1,,CONFIG_SCHEMA.description,"Relative Toleranz für hohe Sollwerte. Sie verändert nur die Wirkungsdiagnose, niemals den Regler-Sollwert oder eine Gerätegrenze.","Wirksame Toleranz = max(absolute W-Toleranz, relative Prozenttoleranz des Sollwerts)",COMMAND_EFFECT_TOLERANCE_W; COMMAND_EFFECT_TOLERANCE_PERCENT
Kommandowirkung & Resync,Sollwerttracking,COMMAND_EFFECT_TOLERANCE_W,Absolute Soll/Ist-Toleranz für Zielwerttracking,expert,int,Hoch,live_next_cycle,product_default,default,RICH,1,,CONFIG_SCHEMA.description,Absolute Mindesttoleranz für das Zielwerttracking. Verwendet wird der größere Wert aus dieser absoluten Toleranz und der relativen Prozenttoleranz.,"Wirksame Toleranz = max(absolute W-Toleranz, relative Prozenttoleranz des Sollwerts)",COMMAND_EFFECT_TOLERANCE_W; COMMAND_EFFECT_TOLERANCE_PERCENT
Kommandowirkung & Resync,Wirkungsbewertung,COMMAND_EFFECT_MIN_TARGET_W,Mindest-Sollwert für Wirksamkeitsdiagnose,expert,int,Hoch,live_next_cycle,product_default,default,RICH,2,,CONFIG_SCHEMA.description,Unterhalb dieser Schwelle ist die physische Wirkung nicht belastbar bewertbar; der Zustand wird nicht als COMMAND_EFFECTIVE ausgegeben.,0–500 W; nicht mit tatsächlicher Mindestleistung des Geräts verwechseln,COMMAND_EFFECT_MIN_W; COMMAND_EFFECT_TOLERANCE_W
Kommandowirkung & Resync,Wirkungsbewertung,COMMAND_EFFECT_MIN_W,Mindest-Istleistung für Richtungsreaktion,expert,int,Hoch,live_next_cycle,product_default,default,RICH,2,,CONFIG_SCHEMA.description,"Schwellwert, ab dem eine unabhängige Istleistungsbeobachtung als belastbare Reaktion in Lade- oder Entladerichtung gilt. Das beweist noch kein vollständiges Sollwerttracking.",30–500 W; kleiner als typische Mess-/Rauschunsicherheit warnen,COMMAND_EFFECT_MIN_TARGET_W; COMMAND_EFFECT_TIMEOUT_SECONDS
Kommandowirkung & Resync,Wirkungsbewertung,COMMAND_EFFECT_TIMEOUT_SECONDS,Warnzeit für fehlende oder unzureichende Wirkung,protected_expert,int,Sehr hoch,live_next_cycle,product_default,default,RICH,4,,CONFIG_SCHEMA.description,Nach dieser zusammenhängenden Zeit desselben Lade-/Entlade-Intents bestätigt ZEC fehlende Richtungsreaktion oder dauerhaft erhebliches Untertracking. Kleine Wattänderungen derselben Richtung starten die Zeit nicht neu.,10–600 s; Force-Resend wirkt nie früher,COMMAND_EFFECT_FORCE_RESEND_SECONDS; COMMAND_EFFECT_MIN_W; COMMAND_EFFECT_TOLERANCE_W; COMMAND_EFFECT_TOLERANCE_PERCENT
Messdaten & Speicherung,CSV-Messdaten & Rotation,MEASUREMENT_LOG_MAX_BYTES,Max Dateigröße,expert,int,Mittel,live_next_cycle,product_default,default,BASE,0,,CONFIG_SCHEMA.description,Bei Überschreitung wird rotiert. Zusammen mit der Dateianzahl bestimmt dieser Wert die geschätzte Aufbewahrung.,,
Messdaten & Speicherung,Fallback,MEASUREMENT_LOG_ALLOW_SD_FALLBACK,SD-Fallback bei USB-Ausfall,standard,bool,Hoch,live_next_cycle,product_default,default,BASE,2,,CONFIG_SCHEMA.description,"Wenn das externe Speicherziel nicht verfügbar ist, darf begrenzt auf die interne SD geschrieben werden. Der Fallback wird sichtbar markiert und enger rotiert.",Nur relevant bei external/custom,MEASUREMENT_LOG_FALLBACK_DIR; MEASUREMENT_DB_PATH
Messdaten & Speicherung,Fallback,MEASUREMENT_LOG_FALLBACK_DIR,SD-Fallback-Verzeichnis,expert,string,Hoch,live_next_cycle,product_default,default,BASE,2,,CONFIG_SCHEMA.description,"Begrenztes Fallback-Verzeichnis auf der internen SD, falls ein externes Logziel ausfällt.",Beschreibbar und bewusst begrenzt,"MEASUREMENT_LOG_MOUNTPOINT, MEASUREMENT_LOG_STORAGE_TARGET"
Messdaten & Speicherung,Fallback,MEASUREMENT_LOG_FALLBACK_MAX_BYTES,Fallback Max Dateigröße,expert,int,Hoch,live_next_cycle,product_default,default,BASE,0,,CONFIG_SCHEMA.description,"Kleinere Rotationsgrenze für den SD-Fallback, damit ein USB-Ausfall die SD nicht unbegrenzt belastet.",100000–100000000 Bytes,
Messdaten & Speicherung,Measurement-V4,MEASUREMENT_LOG_FILE,Messdaten-Datei,protected_expert,string,Hoch,live_next_cycle,product_default,default,BASE,0,,CONFIG_SCHEMA.description,"Dateiname der aktuellen Measurement-Datei. Bei V4 und Standardname schreibt der Controller automatisch zendure_measurements_v4.csv, damit V3 und V4 nicht gemischt werden.",Nur Dateiname; .csv empfohlen,
Messdaten & Speicherung,Measurement-V4,MEASUREMENT_LOG_MODE,V4-Messwertaufzeichnung,standard,enum,Hoch,live_next_cycle,safe_sentinel,default,BASE,2,VAL-018,CONFIG_SCHEMA.description,"Aus: keine zyklischen Messdaten, schont die SD-Karte. Standard: vollständige Reglerdiagnose inklusive Freshness, MQTT-Stale-Aggregat, Sollwertkaskade, Kommando und Szenario ohne Zendure. Erweitert: Standard plus Detaildaten für Simulation, What-if und tiefe MQTT-/Freshness-Analyse; erzeugt größere Dateien und sollte gezielt genutzt werden.",Extended nur nach zusätzlicher Volumen-/Pi-Hinweisbestätigung,MEASUREMENT_SCHEMA_VERSION; MEASUREMENT_LOG_STORAGE_TARGET
Messdaten & Speicherung,SQLite-Graphstore,MEASUREMENT_DB_ENABLED,SQLite-Graphstore,standard,bool,Mittel–hoch,live_next_cycle,product_default,default,BASE,2,,CONFIG_SCHEMA.description,"Schreibt parallel zu CSV/V4 einen leichten SQLite-Store für schnelle Status- und Graphdaten. Läuft auch, wenn Messdaten-CSV deaktiviert ist; die Regelung wird bei DB-Fehlern nicht blockiert.","Deaktivierung beendet neue Writes, löscht DB nicht",MEASUREMENT_DB_PATH; MEASUREMENT_LOG_STORAGE_TARGET
Messdaten & Speicherung,SQLite-Graphstore,MEASUREMENT_DB_PATH,SQLite-Pfad optional,protected_expert,string,Hoch,protected_action,legacy_internal,none,BASE,0,VAL-021,CONFIG_SCHEMA.description,Optionaler absoluter Pfad zur SQLite-Datei. Leer bedeutet: automatisch neben den Messdaten im aktiven Speicherziel.,Leer oder absoluter beschreibbarer Pfad,
Messdaten & Speicherung,Schreibstrategie,MEASUREMENT_LOG_FLUSH_EVERY_ROWS,Flush alle X Zeilen,expert,int,Mittel–hoch,live_next_cycle,product_default,default,BASE,0,,CONFIG_SCHEMA.description,Schreibt gepufferte Messdaten periodisch aus dem Python-Puffer. Kein hartes fsync pro Zeile; bei Stromausfall können letzte Messdaten fehlen.,1–10000; gemeinsam mit Sekundenwert anzeigen,
Messdaten & Speicherung,Schreibstrategie,MEASUREMENT_LOG_FLUSH_EVERY_SECONDS,Flush alle X Sekunden,expert,int,Mittel–hoch,live_next_cycle,product_default,default,BASE,0,,CONFIG_SCHEMA.description,Zeitbasierte Flush-Grenze für gepuffertes Logging. Reduziert kleine Sync-Schreibvorgänge gegenüber hartem Schreiben pro Messpunkt.,1–3600 s,
Messdaten & Speicherung,Speicherschutz,MEASUREMENT_LOG_MIN_FREE_DISK_MB,Mindestfreier Speicher,standard,int,Hoch,live_next_cycle,product_default,default,BASE,0,,CONFIG_SCHEMA.description,"Mindestfreier Speicher am aktuell aktiven Messdatenziel: interne SD, externer USB-/Mountpoint oder bei aktivem Fallback der SD-Fallback-Pfad. Wenn weniger Speicher frei ist, pausiert das Messdaten-Logging; die Regelung läuft weiter.",100–100000 MB; höher als Zielkapazität blockieren,
Messdaten & Speicherung,Speicherziel,MEASUREMENT_LOG_DIR,Messdaten-Verzeichnis / Custom-Pfad,standard,string,Hoch,live_next_cycle,product_default,default,BASE,1,,CONFIG_SCHEMA.description,"Verzeichnis für ZEC-MEASUREMENT-Messdaten. Bei internal_sd/custom_path wird dieses Feld direkt verwendet. Bei external_mount wird es als Unterordner auf dem USB-/Mountpoint verwendet, z. B. USB + ZEC/logs.",Nicht leer; beschreibbar; external ohne Pfadflucht,MEASUREMENT_LOG_MODE
Messdaten & Speicherung,Speicherziel,MEASUREMENT_LOG_MOUNTPOINT,USB-/Mountpoint,standard,string,Hoch,live_next_cycle,auto_or_unset,auto,BASE,2,,CONFIG_SCHEMA.description,"Optionaler Mountpoint für externes Messdaten-Logging, z. B. /media/pi/USBSTICK oder /mnt/zec-logs. Wenn leer, wird bei Speicherziel external_mount ein erkannter schreibbarer USB-/Mountpoint automatisch verwendet.",Nur bei external_mount; echter Mount und beschreibbar,"MEASUREMENT_LOG_FALLBACK_DIR, MEASUREMENT_LOG_STORAGE_TARGET"
Messdaten & Speicherung,Speicherziel,MEASUREMENT_LOG_STORAGE_TARGET,V4-Speicherziel,standard,enum,Hoch,live_next_cycle,product_default,default,BASE,3,,CONFIG_SCHEMA.description,"Legt fest, wo Messdaten primär geschrieben werden. Bei erkanntem USB-/Mountpoint wird ein schreibbarer externer Mount automatisch verwendet; das Feld USB-/Mountpoint kann optional einen bestimmten Mountpoint festlegen.","Ziel vor Speichern auf Mount, Schreibbarkeit und freien Speicher prüfen",MEASUREMENT_LOG_MOUNTPOINT; MEASUREMENT_LOG_DIR; MEASUREMENT_DB_PATH
Messdaten & Speicherung,Tageskurve & RAM-Historie,GRAPH_HISTORY_LIMIT,Graph-Historie,expert,int,Mittel,live_next_cycle,product_default,default,BASE,1,,CONFIG_SCHEMA.description,Anzahl der im RAM gehaltenen Graph-Datenpunkte. Diese Historie ist unabhängig vom dauerhaften Messdaten-Logging.,50–5000 Punkte; Zeitspanne aus beobachtetem Zyklusabstand anzeigen,INTERVAL_SECONDS
Messdaten & Speicherung,Tageskurve & RAM-Historie,SOC_DAY_GRAPH_BOOTSTRAP_CACHE_SECONDS,SOC-Tagesgraph Bootstrap-Cache,expert,int,Niedrig–mittel,live_next_cycle,product_default,default,BASE,0,,validation_text,60–3600 s,60–3600 s,
Messdaten & Speicherung,Tageskurve & RAM-Historie,SOC_DAY_GRAPH_BOOTSTRAP_FROM_MEASUREMENTS,SOC-Tageskurve aus Messdaten starten,expert,bool,Niedrig,live_next_cycle,product_default,default,BASE,2,,CONFIG_SCHEMA.description,"Versucht beim Abruf der SOC-Tageskurve, heutige Measurement-V4-Logs best-effort einzulesen. Fehler sind nicht kritisch; die Kurve startet dann ab jetzt.",Keine Regelwirkung,MEASUREMENT_DB_ENABLED; MEASUREMENT_LOG_MODE
Messdaten & Speicherung,Tageskurve & RAM-Historie,SOC_DAY_GRAPH_ENABLED,SOC-Tageskurve anzeigen,standard,bool,Niedrig,live_next_cycle,product_default,default,BASE,0,,CONFIG_SCHEMA.description,Zeigt auf der Statusseite eine leichte 24h-Zendure-SOC-Kurve für den aktuellen lokalen Tag.,Ausblenden löscht keine Messdaten,
Messdaten & Speicherung,Tageskurve & RAM-Historie,SOC_DAY_GRAPH_SAMPLE_SECONDS,CSV-/V4-Fallback-Auflösung der SOC-Tageskurve,expert,int,Mittel,live_next_cycle,product_default,default,BASE,2,,CONFIG_SCHEMA.description,Samplingintervall der SOC-Tageskurve im RAM. Default 60 Sekunden; der Controller hält maximal etwa 1440 Punkte pro Tag.,10–900 s empfohlen,SOC_DAY_GRAPH_BOOTSTRAP_FROM_MEASUREMENTS; SOC_DAY_GRAPH_BOOTSTRAP_CACHE_SECONDS
Messdaten & Speicherung,V4-Manifest & I/O,MEASUREMENT_V4_MANIFEST_UPDATE_EVERY_ROWS,V4 Manifest-Update nach Zeilen,expert,int,Mittel–hoch,live_next_cycle,product_default,default,BASE,0,,CONFIG_SCHEMA.description,"Schreibt das V4-Manifest gepuffert statt pro Zyklus. Niedrigere Werte sind aktueller, höhere Werte reduzieren I/O.",Zeilen >=1 beziehungsweise Sekunden >=5,
Messdaten & Speicherung,V4-Manifest & I/O,MEASUREMENT_V4_MANIFEST_UPDATE_EVERY_SECONDS,V4 Manifest-Update spätestens nach Sekunden,expert,int,Mittel–hoch,live_next_cycle,product_default,default,BASE,0,,CONFIG_SCHEMA.description,Spätester gepufferter V4-Manifest-Update. Beim Schließen wird immer final aktualisiert.,Zeilen >=1 beziehungsweise Sekunden >=5,
Schnittstellen & Datenquellen,MQTT-Diagnose,MQTT_TOPIC_DIAGNOSTIC_ENABLED,MQTT Topic-Diagnose aktiv,expert,bool,Mittel–hoch,live_next_cycle,safe_sentinel,default,BASE,0,,CONFIG_SCHEMA.description,"Wenn aktiv, abonniert das Script zusätzlich das konfigurierte Diagnose-Topic, standardmäßig Zendure/#, und zeigt die letzten MQTT-Nachrichten unter /mqtt-diagnostics an. Nur für Analysephasen empfohlen, weil dadurch mehr MQTT-Daten verarbeitet werden.",,
Schnittstellen & Datenquellen,MQTT-Diagnose,MQTT_TOPIC_DIAGNOSTIC_FILTER,MQTT Topic-Diagnose Filter,expert,string,Mittel–hoch,live_next_cycle,product_default,default,BASE,0,,CONFIG_SCHEMA.description,"MQTT-Topic-Filter für den Diagnosemitschnitt, z. B. Zendure/# oder evcc/#. MQTT Topic Matching ist groß-/kleinschreibungssensitiv; EVCC/# passt also nicht auf evcc/site/... . Änderungen an diesem Filter erfordern meist einen Neustart oder erneutes Speichern der Config.",,
Schnittstellen & Datenquellen,MQTT-Diagnose,MQTT_TOPIC_DIAGNOSTIC_HISTORY_LIMIT,MQTT Topic-Diagnose Historie,expert,int,Mittel–hoch,live_next_cycle,product_default,default,BASE,0,,CONFIG_SCHEMA.description,"Anzahl der letzten MQTT-Diagnosemeldungen, die im RAM gehalten werden. Höhere Werte brauchen mehr Speicher, sind aber für Topic-Analyse hilfreich.",,
Schnittstellen & Datenquellen,MQTT-Diagnose,MQTT_TOPIC_DIAGNOSTIC_VIEW_MODE,MQTT Diagnose Anzeige,expert,enum,Mittel–hoch,live_next_cycle,product_default,default,BASE,0,,CONFIG_SCHEMA.description,"filtered speichert/zeigt nur Nachrichten, die zum MQTT Topic-Diagnose Filter passen. all speichert alle vom Controller empfangenen MQTT-Nachrichten und ist nur für kurze Fehlersuche empfohlen.",,
Schnittstellen & Datenquellen,MQTT-Verbindung,MQTT_BROKER,MQTT Broker,standard,string,Sehr hoch,restart_required,installation,none,BASE,0,VAL-017,CONFIG_SCHEMA.description,Adresse des MQTT-Brokers. Meist der Raspberry Pi selbst.,ERROR:MQTT_BROKER_MISSING,
Schnittstellen & Datenquellen,MQTT-Verbindung,MQTT_PASSWORD,MQTT Passwort,protected_expert,secret,Sehr hoch,restart_required,auto_or_unset,clear,BASE,0,VAL-017|VAL-023,CONFIG_SCHEMA.description,Passwort für MQTT. Wird in der lokalen config.json gespeichert.,Secret nie im Klartext zurückanzeigen; leer lassen = bestehenden Wert unverändert,
Schnittstellen & Datenquellen,MQTT-Verbindung,MQTT_PORT,MQTT Port,standard,int,Sehr hoch,restart_required,product_default,default,BASE,0,VAL-017,CONFIG_SCHEMA.description,Port des MQTT-Brokers. Standard ist 1883.,,
Schnittstellen & Datenquellen,MQTT-Verbindung,MQTT_USER,MQTT Benutzer,standard,string,Sehr hoch,restart_required,installation,none,BASE,0,VAL-017,CONFIG_SCHEMA.description,"Benutzername für MQTT. Leer lassen, wenn keine Authentifizierung verwendet wird.",,
Schnittstellen & Datenquellen,Netzleistung · Plausibilität,GRID_POWER_PLAUSIBILITY_MAX_ABS_W,Netzleistungs-Plausibilitätsgrenze,protected_expert,int,Sehr hoch,live_next_cycle,product_default,default,BASE,0,,CONFIG_SCHEMA.description,Absolute Obergrenze für plausible Netzleistungswerte. Messwerte oberhalb dieser Grenze werden verworfen und nicht für AUTO-Regelung oder Glättung verwendet. Default 30000 W schützt vor offensichtlich defekten SMA-/Shelly-Ausreißern.,1000–250000 W; oberhalb realistisch möglicher Hausleistung mit Reserve,
Schnittstellen & Datenquellen,Netzleistung · SMA Diagnose,SMA_ENERGY_METER_LOG_DIAGNOSTICS,SMA-Direktquelle Diagnose ins Runtime-Log,expert,bool,Mittel,live_next_cycle,safe_sentinel,default,BASE,0,,CONFIG_SCHEMA.description,"Schreibt kompakte SMA-Socket-/Paketdiagnosen in das Runtime-Textlog. Zusätzlich muss Datei-Logging aktiv sein, damit die Meldungen in zendure_runtime.log landen.",,
Schnittstellen & Datenquellen,Netzleistung · SMA Diagnose,SMA_ENERGY_METER_LOG_INTERVAL_SECONDS,SMA-Diagnose Log-Intervall,expert,int,Mittel,live_next_cycle,product_default,default,BASE,0,,CONFIG_SCHEMA.description,"Mindestabstand zwischen periodischen SMA_DIAG-Zeilen im Runtime-Log, wenn SMA-Diagnoselogging aktiv ist.",,
Schnittstellen & Datenquellen,Netzleistung · SMA Diagnose,SMA_ENERGY_METER_PACKET_GAP_WARN_SECONDS,SMA Paketlücken-Warnung,expert,int,Mittel,live_next_cycle,product_default,default,BASE,0,,CONFIG_SCHEMA.description,Ab dieser Lücke zwischen empfangenen SMA-Speedwire-Paketen wird die Lücke in der SMA-Diagnose markiert. Der Stream kommt typischerweise ungefähr sekündlich.,,
Schnittstellen & Datenquellen,Netzleistung · SMA Direkt,SMA_ENERGY_METER_GROUP,SMA Energy Meter Multicast-Gruppe,expert,string,Hoch,live_next_cycle,product_default,default,BASE,0,,CONFIG_SCHEMA.description,Multicast-Adresse der SMA Energy Meter Daten. Typischer Standard: 239.12.255.254.,Bei mehreren Geräten Seriennummer für aktive Regelquelle zwingend,
Schnittstellen & Datenquellen,Netzleistung · SMA Direkt,SMA_ENERGY_METER_INTERFACE,SMA Energy Meter Interface/IP,standard,string,Hoch,live_next_cycle,auto_or_unset,clear,BASE,0,,CONFIG_SCHEMA.description,Optional: lokale IPv4-Adresse oder Interface-Name wie eth0 für den Multicast-Join. Bei mehreren Netzwerkinterfaces bevorzugt eth0 eintragen.,Bei mehreren Geräten Seriennummer für aktive Regelquelle zwingend,
Schnittstellen & Datenquellen,Netzleistung · SMA Direkt,SMA_ENERGY_METER_PASSIVE_ENABLED,SMA-Direktquelle zusätzlich passiv beobachten,standard,bool,Mittel,live_next_cycle,safe_sentinel,default,BASE,0,,CONFIG_SCHEMA.description,"Nur relevant, wenn als Netzleistungsquelle die Shelly-kompatible HTTP-Quelle gewählt ist: startet zusätzlich einen passiven SMA Energy Meter / Sunny Home Manager 2.0 Listener zum Vergleich. Wenn SMA Home Manager direkt als Netzleistungsquelle gewählt ist, wird der Listener automatisch aktiviert; dieser Schalter ist dann fachlich redundant.",Vor aktivem Quellenwechsel empfohlen,
Schnittstellen & Datenquellen,Netzleistung · SMA Direkt,SMA_ENERGY_METER_PORT,SMA Energy Meter UDP-Port,expert,int,Hoch,live_next_cycle,product_default,default,BASE,0,,CONFIG_SCHEMA.description,UDP-Port für SMA Energy Meter / Sunny Home Manager 2.0 Multicast. Typischer Standard: 9522.,Bei mehreren Geräten Seriennummer für aktive Regelquelle zwingend,
Schnittstellen & Datenquellen,Netzleistung · SMA Direkt,SMA_ENERGY_METER_SERIAL,SMA Energy Meter Seriennummer,standard,string,Hoch,live_next_cycle,auto_or_unset,clear,BASE,1,VAL-016,CONFIG_SCHEMA.description,Optionaler Filter auf die Seriennummer des Energy Meters am Netzbezugspunkt. Bei mehreren SMA Energy Metern vor produktiver Nutzung zwingend empfohlen.,Bei mehreren Geräten Seriennummer für aktive Regelquelle zwingend,GRID_METER_SOURCE
Schnittstellen & Datenquellen,Netzleistung · SMA Direkt,SMA_ENERGY_METER_SOCKET_MODE,SMA Socket-Modus,protected_expert,enum,Sehr hoch,live_next_cycle,product_default,default,BASE,1,,CONFIG_SCHEMA.description,"Experten-/Diagnoseoption für die Koexistenz mit EVCC, UniMeter oder weiteren SMA-Speedwire-Listenern auf demselben Host. Default group_bind bindet auf die SMA-Multicast-Gruppe und war im Nachtlauf mit EVCC auf demselben Raspberry Pi stabil. Wildcard-Modi auf 0.0.0.0:9522 bleiben reine Diagnoseoptionen und können EVCC stören.",group_bind Standard; andere Modi nur Diagnose,GRID_METER_SOURCE
Schnittstellen & Datenquellen,Netzleistung · SMA Direkt,SMA_ENERGY_METER_STALE_TIMEOUT_SECONDS,SMA Direkt Timeout,expert,int,Sehr hoch,live_next_cycle,product_default,default,BASE,0,,CONFIG_SCHEMA.description,"Maximales Alter eines direkt per SMA Energy Meter empfangenen Netzleistungswerts, falls die direkte SMA-Quelle als Regelquelle verwendet wird.",5–600 s; größer als normaler Paketabstand,
Schnittstellen & Datenquellen,Netzleistung · SMA Direkt,SMA_ENERGY_METER_SUSY_ID,SMA Energy Meter SUSy-ID,expert,string,Hoch,live_next_cycle,auto_or_unset,clear,BASE,0,,CONFIG_SCHEMA.description,Optionaler Filter auf die SMA SUSy-ID des gewünschten Energy Meters. Bei mehreren SMA Energy Metern empfohlen. Beispiel: <SMA-SUSY-ID>.,Bei mehreren Geräten Seriennummer für aktive Regelquelle zwingend,
Schnittstellen & Datenquellen,Netzleistung · Shelly-kompatibel,SHELLY_IP,Shelly-kompatible HTTP-Quelle IP,standard,string,Hoch,live_next_cycle,installation,none,BASE,1,,CONFIG_SCHEMA.description,IP-Adresse der Shelly- oder Shelly-kompatiblen Messdatenquelle. Das kann ein echter Shelly Pro 3EM oder ein anderer Shelly-kompatibler HTTP-Endpunkt sein.,Bei Shelly-Quelle Pflicht; Live-Test erforderlich,GRID_METER_SOURCE
Schnittstellen & Datenquellen,Netzleistung · Shelly-kompatibel,SHELLY_STALE_TIMEOUT_SECONDS,Shelly Timeout,expert,int,Sehr hoch,live_next_cycle,product_default,default,BASE,0,,CONFIG_SCHEMA.description,Maximales Alter des letzten gültigen Netzleistungswerts.,5–600 s; deutlich über typischem Pollabstand,
Schnittstellen & Datenquellen,Netzleistung · aktive Quelle,GRID_METER_SOURCE,Netzleistungsquelle,standard,enum,Sehr hoch,live_next_cycle,installation,none,BASE,3,VAL-015|VAL-016,CONFIG_SCHEMA.description,Quelle für die Netzleistung am Hausanschlusspunkt. Shelly-kompatibles HTTP bleibt dauerhaft als Alternative für echte Shelly Pro 3EM und kompatible Endpunkte erhalten. SMA direkt nutzt das lokale SMA Energy Meter / Sunny Home Manager UDP-Multicast-Protokoll.,Kandidatenquelle vor Umschalten frisch/plausibel prüfen,SHELLY_IP; SMA_ENERGY_METER_PASSIVE_ENABLED; SMA_ENERGY_METER_SERIAL
Schnittstellen & Datenquellen,Zendure Local API,ZENDURE_LOCAL_API_ENABLED,Zendure lokale API Diagnose aktiv,expert,bool,Mittel,live_next_cycle,safe_sentinel,default,BASE,0,,CONFIG_SCHEMA.description,Aktiviert den Diagnose-Endpunkt /zendure-properties. Diese Option steuert die Web-Diagnoseseite; die Telemetrie-Fallback-Nutzung wird separat über die folgenden Optionen gesteuert.,Unabhängig vom Hintergrundworker,
Schnittstellen & Datenquellen,Zendure Local API,ZENDURE_LOCAL_API_ERROR_BACKOFF_SECONDS,Zendure lokale API Fehler-Backoff,expert,int,Mittel–hoch,live_next_cycle,product_default,default,BASE,0,,CONFIG_SCHEMA.description,"Pause nach einem Timeout oder Fehler der lokalen Zendure-API, bevor der Controller erneut /properties/report abfragt. Schützt EVCC und die Zendure-Headunit vor aggressiven Wiederholungen.",,
Schnittstellen & Datenquellen,Zendure Local API,ZENDURE_LOCAL_API_POLL_INTERVAL_SECONDS,Zendure lokale API Poll-Intervall,expert,int,Mittel–hoch,live_next_cycle,product_default,default,BASE,0,,CONFIG_SCHEMA.description,Mindestabstand zwischen zwei lokalen Zendure-API-Abfragen für Telemetrie und Temperaturdiagnose.,,
Schnittstellen & Datenquellen,Zendure Local API,ZENDURE_LOCAL_API_SOC_PRIORITY,Zendure lokale API SOC-Priorität,expert,enum,Mittel–hoch,live_next_cycle,product_default,default,BASE,0,,CONFIG_SCHEMA.description,"Legt fest, welcher SOC-Wert aus /properties/report bevorzugt wird, falls sowohl properties.electricLevel als auch packData[0].socLevel vorhanden sind.",,
Schnittstellen & Datenquellen,Zendure Local API,ZENDURE_LOCAL_API_TELEMETRY_FALLBACK_ONLY,Zendure lokale API nur als Fallback,standard,bool,Hoch,live_next_cycle,safe_sentinel,default,BASE,2,,CONFIG_SCHEMA.description,"Wenn aktiv, bleibt MQTT die bevorzugte Quelle für SOC und Istleistung. Die lokale API aktualisiert den aktiven SOC nur dann, wenn MQTT fehlt oder veraltet ist. Sobald MQTT wieder gültige Werte liefert, wechselt die Anzeige automatisch zurück zu MQTT.",Aus nur geschützt bestätigen,"ZENDURE_LOCAL_API_USE_FOR_TELEMETRY, ZENDURE_LOCAL_IP"
Schnittstellen & Datenquellen,Zendure Local API,ZENDURE_LOCAL_API_USE_FOR_TELEMETRY,Zendure lokale API für Telemetrie nutzen,standard,bool,Hoch,live_next_cycle,safe_sentinel,default,BASE,2,,CONFIG_SCHEMA.description,"Wenn aktiv, darf der Controller die lokale Zendure-API als zusätzliche Telemetriequelle für SOC, Istleistung und Akkutemperatur verwenden. Das ist ein Fallback gegen den bekannten Fall, dass Zendure nach Broker-/Raspberry-Neustart keine MQTT-Sensordaten mehr publiziert.",IP Pflicht; Fallback-only empfohlen,"ZENDURE_LOCAL_API_TELEMETRY_FALLBACK_ONLY, ZENDURE_LOCAL_IP"
Schnittstellen & Datenquellen,Zendure Local API,ZENDURE_LOCAL_IP,Zendure lokale IP,standard,string,Hoch,live_next_cycle,installation,none,BASE,3,,CONFIG_SCHEMA.description,IP-Adresse der Zendure-Headunit für lokale Abfragen wie /properties/report. Wird sowohl für die Diagnose-Webseite als auch für den optionalen Telemetrie-Fallback verwendet.,Pflicht sobald Diagnose oder Telemetrie aktiv,"ZENDURE_LOCAL_API_TELEMETRY_FALLBACK_ONLY, ZENDURE_LOCAL_API_TIMEOUT_SECONDS, ZENDURE_LOCAL_API_USE_FOR_TELEMETRY"
Schnittstellen & Datenquellen,Zendure Local API · Timeouts,ZENDURE_LOCAL_API_CONTROL_TIMEOUT_CAP_SECONDS,Zendure lokale API Request-Timeoutdeckel,expert,float,Mittel–hoch,live_next_cycle,product_default,default,BASE,1,,CONFIG_SCHEMA.description,Begrenzt den Hintergrundrequest unabhängig vom höheren allgemeinen API-Timeout. Seit RC18 blockiert die lokale API den Regelzyklus nicht mehr.,"0,2–5,0 s; effektiv min(allgemeiner Timeout, Deckel)",INTERVAL_SECONDS
Schnittstellen & Datenquellen,Zendure Local API · Timeouts,ZENDURE_LOCAL_API_TIMEOUT_SECONDS,Zendure lokale API Timeout,expert,int,Mittel,live_next_cycle,product_default,default,BASE,2,,CONFIG_SCHEMA.description,Maximale Wartezeit eines asynchronen lokalen Zendure-API-Requests. Der Regelzyklus wartet nicht auf diesen Request.,1–30 s,"INTERVAL_SECONDS, ZENDURE_LOCAL_IP"
System & Diagnose,Administrative Aktionen,WEB_SERVICE_RESTART_ENABLED,Service-Neustart aus Weboberfläche erlauben,protected_expert,bool,Sehr hoch,live_next_cycle,safe_sentinel,default,BASE,0,,CONFIG_SCHEMA.description,"Erlaubt der Weboberfläche, nach dem Speichern neustartrelevanter Einstellungen den systemd-Dienst kontrolliert neu zu starten. Aus Sicherheitsgründen ist diese Funktion standardmäßig deaktiviert und benötigt zusätzlich ein freigegebenes Restart-Hilfsscript mit sudoers-Regel.",Nur mit root-geschütztem Allowlist-Helper,
System & Diagnose,Analyse-/Replay-Service,ANALYSIS_EXTENDED_MAX_FILES,Analyse Extended Dateien,protected_expert,int,Hoch,live_next_cycle,product_default,default,BASE,0,,CONFIG_SCHEMA.description,Erweiterte Dateianzahl für bewusst bestätigte größere Analysen. Auf dem Raspberry Pi nur mit Warnung verwenden.,,
System & Diagnose,Analyse-/Replay-Service,ANALYSIS_EXTENDED_MAX_ROWS,Analyse Extended Messpunkte,protected_expert,int,Hoch,live_next_cycle,product_default,default,BASE,0,,CONFIG_SCHEMA.description,Erweiterte Messpunktzahl für bewusst bestätigte größere Analysen. Alles darüber wird fail-closed abgelehnt.,,
System & Diagnose,Analyse-/Replay-Service,ANALYSIS_EXTENDED_MAX_TOTAL_BYTES,Analyse Extended Gesamtgröße,protected_expert,int,Hoch,live_next_cycle,product_default,default,BASE,0,,CONFIG_SCHEMA.description,Erweiterte Gesamtgröße für bewusst bestätigte größere Analysen. Alles darüber wird lokal abgelehnt und sollte offline/auf dem PC analysiert werden.,,
System & Diagnose,Analyse-/Replay-Service,ANALYSIS_EXTENDED_WORKER_MEMORY_LIMIT_MB,Analyse Extended Speicherlimit,protected_expert,int,Hoch,live_next_cycle,product_default,default,BASE,0,,CONFIG_SCHEMA.description,Speicherlimit für bewusst bestätigte größere Analyse-Worker.,,
System & Diagnose,Analyse-/Replay-Service,ANALYSIS_EXTENDED_WORKER_TIMEOUT_SECONDS,Analyse Extended Timeout,protected_expert,int,Hoch,live_next_cycle,product_default,default,BASE,0,,CONFIG_SCHEMA.description,Zeitlimit für bewusst bestätigte größere Analyse-Worker.,,
System & Diagnose,Analyse-/Replay-Service,ANALYSIS_MAX_FILES,Analyse Pi-Safe Dateien,protected_expert,int,Hoch,live_next_cycle,product_default,default,BASE,0,,CONFIG_SCHEMA.description,"Maximale Dateianzahl für normale lokale Analysen auf dem Raspberry Pi. Standard ist bewusst konservativ, um EVCC, MQTT und Live-Regler zu schützen.",,
System & Diagnose,Analyse-/Replay-Service,ANALYSIS_MAX_ROWS,Analyse Pi-Safe Messpunkte,protected_expert,int,Hoch,live_next_cycle,product_default,default,BASE,0,,CONFIG_SCHEMA.description,Maximale Messpunktzahl für normale lokale Analysen. Das Limit wird bereits beim Lesen geprüft; zusätzlich läuft die Analyse in einem isolierten Worker.,,
System & Diagnose,Analyse-/Replay-Service,ANALYSIS_MAX_TOTAL_BYTES,Analyse Pi-Safe Gesamtgröße,protected_expert,int,Hoch,live_next_cycle,product_default,default,BASE,0,,CONFIG_SCHEMA.description,"Maximale Gesamtgröße der ausgewählten CSV-Dateien für normale lokale Analysen. Standard ist bewusst konservativ, weil Python-/HTML-/Diagrammstrukturen deutlich mehr RAM benötigen als die CSV-Datei auf der SD-Karte.",,
System & Diagnose,Analyse-/Replay-Service,ANALYSIS_WORKER_MEMORY_LIMIT_MB,Analyse Worker Speicherlimit,protected_expert,int,Hoch,live_next_cycle,product_default,default,BASE,0,,CONFIG_SCHEMA.description,"Speicherlimit für normale Analyse-Worker. Bei Überschreitung wird nur der Analyse-Worker beendet, nicht der Live-Controller.",,
System & Diagnose,Analyse-/Replay-Service,ANALYSIS_WORKER_TIMEOUT_SECONDS,Analyse Timeout,protected_expert,int,Hoch,live_next_cycle,product_default,default,BASE,0,,CONFIG_SCHEMA.description,Zeitlimit für normale Analyse-Worker. Bei Überschreitung wird der Worker abgebrochen.,,
System & Diagnose,Analyse-/Replay-Service,REPLAY_WEB_PORT,Analyse-Web Port,deployment_read_only,int,Hoch,read_only,legacy_internal,none,BASE,0,,CONFIG_SCHEMA.description,"Port des optionalen separaten Analyse-/Replay-Webdienstes. Der Dienst wird mitgeliefert, aber nicht automatisch aktiviert.",Nicht als allein wirksame Portänderung anbieten,
System & Diagnose,Darstellung,UI_DARK_MODE,Dark Mode aktiv,standard,bool,Niedrig,live_next_cycle,product_default,default,BASE,0,,CONFIG_SCHEMA.description,"Aktiviert ein dunkles Farbschema für Statusseite, Settings, Graph, Diagnose, Analyse-Linkseiten und Headless-Hinweisseite. Die Änderung wird nach dem Speichern sofort bei neu geladenen Webseiten sichtbar.",,
System & Diagnose,Darstellung,UI_MODE,Oberflächenmodus,standard,enum,Niedrig,live_next_cycle,product_default,default,BASE,0,,CONFIG_SCHEMA.description,"Vorbereitung für eine reduzierte Standardansicht und eine vollständige Expertenansicht. Expertenmodus ist fachlich ein Superset des Standardmodus: Kernstatus und Warnungen bleiben immer sichtbar, Expert-only-Details kommen zusätzlich hinzu.",standard | expert,
System & Diagnose,Laufzeitdiagnose,SLOW_CYCLE_WARN_MS,Warnschwelle langsamer Zyklus,expert,int,Mittel,live_next_cycle,product_default,default,BASE,0,,CONFIG_SCHEMA.description,"Schreibt einen Runtime-Hinweis, wenn ein Reglerzyklus ohne Sleep länger dauert. Dient der RC3-Timingdiagnose.",1000–60000 ms; keine Echtzeitdeadline,
System & Diagnose,Runtime-Logging,FILE_LOG_BACKUP_COUNT,Datei-Log Backup-Dateien,expert,int,Mittel–hoch,live_next_cycle,product_default,default,BASE,0,,CONFIG_SCHEMA.description,"Anzahl alter Text-Logdateien, die behalten werden.",,
System & Diagnose,Runtime-Logging,FILE_LOG_DIR,Datei-Log Verzeichnis,expert,string,Mittel–hoch,live_next_cycle,product_default,default,BASE,1,,CONFIG_SCHEMA.description,Relatives oder absolutes Verzeichnis für die Text-Logdatei.,ERROR:FILE_LOG_DIR_NOT_WRITABLE,FILE_LOG_ENABLED
System & Diagnose,Runtime-Logging,FILE_LOG_ENABLED,Datei-Logging aktiv,expert,bool,Mittel–hoch,live_next_cycle,safe_sentinel,default,BASE,1,,CONFIG_SCHEMA.description,"Schreibt Betriebs-, Fehler- und Diagnosemeldungen zusätzlich rollierend in eine Text-Logdatei. Das ersetzt nicht das CSV-Datenlogging.",Verzeichnis beschreibbar,FILE_LOG_DIR
System & Diagnose,Runtime-Logging,FILE_LOG_FILE,Datei-Log Dateiname,expert,string,Mittel–hoch,live_next_cycle,product_default,default,BASE,0,,CONFIG_SCHEMA.description,"Dateiname der aktuellen Runtime-Text-Logdatei, standardmäßig zendure_runtime.log.",,
System & Diagnose,Runtime-Logging,FILE_LOG_MAX_BYTES,Max Datei-Log Größe,expert,int,Mittel–hoch,live_next_cycle,product_default,default,BASE,0,,CONFIG_SCHEMA.description,"Bei Überschreitung wird die Text-Logdatei rotiert. Alte Dateien werden nach dem Schema zendure_runtime_1.log, zendure_runtime_2.log usw. gehalten.",,
System & Diagnose,Runtime-Logging · Detailkanäle,DEBUG,Debug Logging,expert,bool,Mittel–hoch,live_next_cycle,safe_sentinel,default,BASE,0,,CONFIG_SCHEMA.description,Allgemeine Konsolenausgaben.,,
System & Diagnose,Runtime-Logging · Detailkanäle,LOG_CONTROL,Regelentscheidungen ins Textlog schreiben (Debug),expert,bool,Mittel–hoch,live_next_cycle,safe_sentinel,default,BASE,0,,CONFIG_SCHEMA.description,Schreibt zusätzliche menschenlesbare Debug-Meldungen zu Zielwerten und Regelentscheidungen ins Runtime-Textlog. Das ist kein strukturiertes Measurement-Logging; die V4-Standard-Messdaten enthalten die Reglerdiagnose bereits.,,
System & Diagnose,Runtime-Logging · Detailkanäle,LOG_MANUAL,Manuellen Modus loggen,expert,bool,Mittel–hoch,live_next_cycle,product_default,default,BASE,0,,CONFIG_SCHEMA.description,"Loggt Aktionen des manuellen Modus, z. B. Start, Ziel erreicht und automatische Umschaltung nach Ziel-SOC.",,
System & Diagnose,Runtime-Logging · Detailkanäle,LOG_MQTT,MQTT loggen,expert,bool,Mittel–hoch,live_next_cycle,safe_sentinel,default,BASE,0,,CONFIG_SCHEMA.description,Loggt MQTT-Kommandos an Zendure.,,
System & Diagnose,Runtime-Logging · Detailkanäle,LOG_RAW_RESPONSE,Shelly RAW loggen,expert,bool,Mittel–hoch,live_next_cycle,safe_sentinel,default,BASE,0,,CONFIG_SCHEMA.description,Loggt vollständige Shelly-JSON-Antworten. Nur für Fehlersuche verwenden.,,
System & Diagnose,Runtime-Logging · Detailkanäle,LOG_SOC,SOC loggen,expert,bool,Mittel–hoch,live_next_cycle,safe_sentinel,default,BASE,0,,CONFIG_SCHEMA.description,Loggt empfangene Zendure-SOC-Werte.,,
System & Diagnose,Runtime-Logging · Detailkanäle,LOG_VALUES,Werte loggen,expert,bool,Mittel–hoch,live_next_cycle,safe_sentinel,default,BASE,0,,CONFIG_SCHEMA.description,Loggt Shelly-Rohwert und geglättete Netzleistung.,,
System & Diagnose,Safe-State & Datenqualität,MAX_CONSECUTIVE_ERRORS,Max Fehler in Folge,protected_expert,int,Sehr hoch,live_next_cycle,product_default,default,BASE,0,,CONFIG_SCHEMA.description,"Nach dieser Anzahl direkt aufeinanderfolgender Fehler aktiviert der Controller den Safe-State. Safe-State bedeutet: Ladeleistung und Entladeleistung werden per MQTT auf 0 W gesetzt, der Modus wird auf SAFE_STATE gestellt und die Regelung versucht nicht weiter aktiv Leistung zu verschieben, bis wieder gültige Daten vorliegen und der nächste Regelzyklus sauber laufen kann.","1–100; klein = empfindlich, groß = längere Fehlerfolge",
System & Diagnose,Safe-State & Datenqualität,MQTT_DISCONNECTED_SAFE_STATE,Safe-State bei MQTT-Trennung,protected_expert,bool,Sehr hoch,live_next_cycle,product_default,default,BASE,0,,CONFIG_SCHEMA.description,"Wenn aktiv, setzt der Controller bei erkannter MQTT-Trennung Lade- und Entladeleistung auf 0 W. Das ist die konservativste Variante, weil ohne MQTT keine zuverlässigen neuen Befehle und teilweise keine aktuellen Rückmeldungen möglich sind. Wenn diese Option nicht aktiv ist, läuft die Logik weiter und zeigt den MQTT-Fehler an; bereits zuletzt an Zendure gesendete Werte können dort aber weiter gültig bleiben, weil der Controller sie während der Trennung nicht sicher ändern kann. Nicht aktiv ist daher toleranter bei kurzen Broker-Aussetzern, aber weniger sicher bei längeren MQTT-Problemen.",Nicht als garantierte Geräte-Neutralisierung darstellen,
System & Diagnose,Safe-State & Datenqualität,SAFE_STATE_ON_SHELLY_ERROR,Safe-State bei Ausfall der aktiven Netzquelle,protected_expert,bool,Sehr hoch,live_next_cycle,product_default,default,BASE,3,,CONFIG_SCHEMA.description,"Wenn aktiv, fährt der Controller bei anhaltenden Messfehlern auf 0 W.",Deaktivierung nur mit deutlicher Blindflugwarnung,GRID_METER_SOURCE; SHELLY_STALE_TIMEOUT_SECONDS; SMA_ENERGY_METER_STALE_TIMEOUT_SECONDS
System & Diagnose,Safe-State & Datenqualität,SOC_STALE_TIMEOUT_SECONDS,SOC Timeout,protected_expert,int,Sehr hoch,live_next_cycle,product_default,default,BASE,1,,CONFIG_SCHEMA.description,Maximales Alter des Zendure-SOC. Bei Überschreitung wird Entladung blockiert.,10–600 s; API/MQTT-Polling berücksichtigen,INTERVAL_SECONDS
System & Diagnose,Safe-State & Datenqualität,ZENDURE_POWER_STALE_TIMEOUT_SECONDS,Zendure Istwert Timeout,expert,int,Hoch,live_next_cycle,product_default,default,BASE,0,,CONFIG_SCHEMA.description,"Alter der Zendure-Istleistungswerte, ab dem eine Warnung gesetzt wird.",10–600 s,
System & Diagnose,Webserver & Zugriff,HEADLESS_MODE,Headless Mode,protected_expert,bool,Sehr hoch,live_next_cycle,product_default,default,BASE,0,,CONFIG_SCHEMA.description,"Schaltet die Weboberflächen ab. Beim Aufruf der Web-URLs wird nur noch eine Hinweisseite angezeigt. Die Regelung läuft weiter; Änderungen sind dann ausschließlich über die config.json und den regulären Config-Reload möglich. Ein Neustart ist zum Beenden des Headless Mode nicht erforderlich, wenn die config.json während des laufenden Programms angepasst wird.",Vor Aktivierung Recoveryweg über config.json zeigen,
System & Diagnose,Webserver & Zugriff,WEB_HOST,Webserver Bind-Adresse,protected_expert,string,Sehr hoch,restart_required,product_default,default,BASE,0,,validation_text,Bind-Adresse; 0.0.0.0 = alle Interfaces,Bind-Adresse; 0.0.0.0 = alle Interfaces,
System & Diagnose,Webserver & Zugriff,WEB_PORT,Web Port,protected_expert,int,Hoch,restart_required,product_default,default,BASE,0,,CONFIG_SCHEMA.description,HTTP-Port des Webinterfaces. Änderung erfordert Neustart.,1–65535; Portkonflikt vorprüfen,
System & Diagnose,Zendure MQTT-Datenqualität,ZENDURE_MQTT_AFTER_RESTART_GRACE_SECONDS,Zendure MQTT Neustart-Toleranz,protected_expert,int,Sehr hoch,live_next_cycle,product_default,default,BASE,0,,CONFIG_SCHEMA.description,"Wartezeit nach MQTT-Reconnect/Broker-Neustart, bevor fehlende nicht-retained Live-Werte als Neustart-/App-Neuspeicherproblem gemeldet werden.",5–600 s; nicht größer als sinnvolle Recoveryzeit,
System & Diagnose,Zendure MQTT-Datenqualität,ZENDURE_MQTT_CRITICAL_GROUP_STALE_SECONDS,Zendure MQTT Live-Timeout,protected_expert,int,Sehr hoch,live_next_cycle,product_default,default,BASE,0,,CONFIG_SCHEMA.description,"Maximales Alter kritischer Zendure-MQTT-Gruppen für die Live-/Partial-Stale-Diagnose. Warnungen verschwinden automatisch, sobald wieder frische nicht-retained Live-Werte eintreffen.",10–600 s,
